KOD;MARKA;BIEZNIK;SZEROKOSC;PROFIL;SREDNICA;NOSNOSC;PREDKOSC;OŚ;PRZEZNACZENIE;SEZON;TYP;NAZWA
"570260";"Sava";"AVANT 4";"205";"75";"R17.5";"124/122";"M";"STERUJĄCA";"";"Całoroczne";"Ciężarowe";"Opona 205/75R17.5 AVANT 4 TL 124/122M M+S SAVA /KIEROWANA/ [W]"
"570263";"Sava";"CARGO 4";"215";"75";"R17.5";"135/133";"J";"NACZEPA";"";"Całoroczne";"Ciężarowe";"Opona 215/75R17.5 CARGO 4 TL 135/133J M+S SAVA /WLECZONA/"
"215/75R17.5CR960A";"Goodride";"CR960A";"215";"75";"R17.5";"135/133J";"J";"NACZEPA";"";"Całoroczne";"Ciężarowe";"Opona 215/75R17.5 CR960A M+S 135/133J GOODRIDE /WLECZONA/"
"04120260000";"Continental";"Conti Hybrid LS3";"225";"75";"R17.5";"129/127";"M";"STERUJĄCA";"REGIONALNY";"Całoroczne";"Ciężarowe";"Opona 225/75R17.5 Conti Hybrid LS3 129/127M M+S CONTINENTAL /KIEROWANA- REGIONALNY/"
"570231";"Dunlop";"SP444";"225";"75";"R17.5";"129/127";"M";"NAPĘD";"";"Całoroczne";"Ciężarowe";"Opona 225/75R17.5 SP444 TL 129/127M M+S 3PMSF DUNLOP DOT 2016 /NAPĘDOWA/ [W]"
"04920110000";"Continental";"HTR2";"235";"75";"R17.5";"143/141";"K";"NACZEPA";"";"Całoroczne";"Ciężarowe";"Opona 235/75R17.5 HTR2 143/141K M+S CONTINENTAL /WLECZONA 3R/"
"466076";"Michelin";"X LINE ENERGY T";"235";"75";"R17.5";"143/141";"J";"NACZEPA";"DALEKI";"Całoroczne";"Ciężarowe";"Opona 235/75R17.5 X LINE ENERGY T 143/141J MICHELIN /WLECZONA- DALEKI/ #"
"13216";"Bridgestone";"R168";"245";"70";"R17.5";"143/141J";"J";"NACZEPA";"";"Całoroczne";"Ciężarowe";"Opona 245/70R17.5 R168 143/141J BRIDGESTONE /WLECZONA/ 3R #"
"570184";"Sava";"AVANT A3";"245";"70";"R19.5";"136/134";"M";"STERUJĄCA";"";"Całoroczne";"Ciężarowe";"Opona 245/70R19.5 AVANT A3 TL 136/134M M+S SAVA /KIEROWANA/ #"
"570872";"Sava";"ORJAK O3";"245";"70";"R19.5";"136/134";"M";"NAPĘD";"";"Całoroczne";"Ciężarowe";"Opona 245/70R19.5 ORJAK O3 TL 136/134M M+S SAVA /NAPĘDOWA/ [W]"
"559703";"Dunlop";"SP252";"245";"70";"R19.5";"141/140";"J";"NACZEPA";"";"Całoroczne";"Ciężarowe";"Opona 245/70R19.5 SP252 TL 141/140J DUNLOP DOT2013 /WLECZONA/ [W]"
"04220230000";"Continental";"Conti Hybrid LD3";"265";"70";"R17.5";"139/136";"M";"NAPĘD";"REGIONALNY";"Całoroczne";"Ciężarowe";"Opona 265/70R17.5 Conti Hybrid LD3 M+S 3PMSF 139/136M CONTINENTAL /NAPĘDOWA- REGIONALNY/ #"
"570351";"Sava";"CARGO C3";"265";"70";"R19.5";"143/141";"J";"NACZEPA";"";"Całoroczne";"Ciężarowe";"Opona 265/70R19.5 CARGO C3 TL 143/141J M+S SAVA /WLECZONA/"
"05220890000";"Continental";"Conti Hybrid HD3";"265";"70";"R19.5";"140/138";"M";"NAPĘD";"REGIONALNY";"Całoroczne";"Ciężarowe";"Opona 265/70R19.5 Conti Hybrid HD3 140/138M M+S 3PMFS CONTINENTAL /NAPĘDOWA - REGIONALNY/"
"05124840000";"Continental";"Conti Hybrid HS3";"265";"70";"R19.5";"140/138";"M";"STERUJĄCA";"REGIONALNY";"Całoroczne";"Ciężarowe";"Opona 265/70R19.5 Conti Hybrid HS3 140/138M M+S 3PMSF CONTINENTAL /KIEROWANA- REGIONALNY/ #"
"275/70R22.5CR976A";"Goodride";"CR976A";"275";"70";"R22.5";"148/145";"M";"STERUJĄCA";"";"Całoroczne";"Ciężarowe";"Opona 275/70R22.5 CR976A M+S 148/145M M+S GOODRIDE /KIEROWANA/"
"05220880000";"Continental";"Conti Hybrid HD3";"285";"70";"R19.5";"146/144";"M";"NAPĘD";"REGIONALNY";"Całoroczne";"Ciężarowe";"Opona 285/70R19.5 Conti Hybrid HD3 146/144M M+S 3PMSF CONTINENTAL /NAPĘDOWA - REGIONALNY/ #"
"203153";"Michelin";"XTA2 ENERGY";"285";"70";"R19.5";"150/148";"M";"NACZEPA";"DALEKI";"Całoroczne";"Ciężarowe";"Opona 285/70R19.5 XTA2 ENERGY 150/148J MICHELIN /WLECZONA- DALEKI/ #"
"05210570000";"Continental";"ContiEcoPlus HD3";"295";"55";"R22.5";"147/145";"K";"NAPĘD";"DALEKI";"Całoroczne";"Ciężarowe";"Opona 295/55R22.5 Conti EcoPlus HD3 147/145K M+S 3PMSF CONTINENTAL /NAPĘDOWA- DALEKI/"
"570974";"Sava";"AVANT 4 PLUS";"295";"60";"R22.5";"150/147";"L";"STERUJĄCA";"";"Całoroczne";"Ciężarowe";"Opona 295/60R22.5 AVANT 4 PLUS TL 150K147L M+S 3PMSF SAVA /KIEROWANA/"
"295/60R22.5CR966";"Goodride";"CR966";"295";"60";"R22.5";"150/147";"L";"STERUJĄCA";"";"Całoroczne";"Ciężarowe";"Opona 295/60R22.5 CR966 M+S 150/147L GOODRIDE /KIEROWANA/"
"568907";"Dunlop";"SP446";"295";"60";"R22.5";"150/147";"K";"NAPĘD";"";"Całoroczne";"Ciężarowe";"Opona 295/60R22.5 SP446 TL 150K/149L M+S 3PMSF DUNLOP /NAPĘDOWA/ #"
"295/80R22.5AD153";"Goodride";"AD153";"295";"80";"R22.5";"152/149";"M";"NAPĘD";"";"Całoroczne";"Ciężarowe";"Opona 295/80R22.5 AD153 M+S 3PMSF 152/149M GOODRIDE /NAPĘDOWA/"
"295/80R22.5BIEŻE10";"Bieżnikowane";"bieżnikowana";"295";"80";"R22.5";"";"V";"";"";"Całoroczne";"Ciężarowe";"Opona 295/80R22.5 E10 bieżnikowana V max= 80 km/h Gat TB xx"
"567443";"Goodyear";"KMAX D";"295";"80";"R22.5";"152/148";"M";"NAPĘD";"REGIONALNY";"Całoroczne";"Ciężarowe";"Opona 295/80R22.5 KMAX D TL 152/148M M+S 3PMSF GOODYEAR DOT2016 /NAPĘDOWA- REGIONALNY/"
"3803";"Bridgestone";"M749 ECOPIA";"295";"80";"R22.5";"152/148M";"M";"NAPĘD";"";"Całoroczne";"Ciężarowe";"Opona 295/80R22.5 M749 ECOPIA 152/148M M+S BRIDGESTONE DOT 2011 /NAPĘDOWA/"
"570993";"Sava";"ORJAK 4 PLUS";"295";"80";"R22.5";"152/148";"M";"NAPĘD";"";"Całoroczne";"Ciężarowe";"Opona 295/80R22.5 ORJAK 4 PLUS TL 152/148M M+S 3PMSF SAVA /NAPĘDOWA/"
"315/60R22.5CM335";"Goodride";"CM335";"315";"60";"R22.5";"152/148";"M";"NAPĘD";"";"Całoroczne";"Ciężarowe";"Opona 315/60R22.5 CM335 M+S 3PMSF 152/148M GOODRIDE /NAPĘDOWA/"
"7849";"Firestone";"FS 422";"315";"70";"R22.5";"152M/154L";"";"STERUJĄCA";"REGIONALNY";"Całoroczne";"Ciężarowe";"Opona 315/70R22.5 FS422+ 152M/154L M+S 3PMSF FIRESTONE /KIEROWANA- REGIONALNY/"
"4353";"Bridgestone";"M729";"315";"70";"R22.5";"152/154L";"L";"NAPĘD";"REGIONALNY";"Całoroczne";"Ciężarowe";"Opona 315/70R22.5 M729 152/154L M+S 3PMSF BRIDGESTONE /NAPĘDOWA-REGIONALNY/"
"568888";"Dunlop";"SP346 HL";"315";"70";"R22.5";"156/150";"L";"STERUJĄCA";"";"Całoroczne";"Ciężarowe";"Opona 315/70R22.5 SP346 HL TL 156/150L M+S 3PMSF DUNLOP /KIEROWANA/ #"
"571100";"Sava";"AVANT MS2 PLUS";"315";"80";"R22.5";"156/150";"K";"STERUJĄCA";"BUDOWLANA";"Całoroczne";"Ciężarowe";"Opona 315/80R22.5 AVANT MS2 PLUS TL M+S 156/150K SAVA /KIEROWANA BUDOWLANA/"
"315/80R22.5CR926B18PR";"Goodride";"CR926B";"315";"80";"R22.5";"154/151 (156/150)";"M";"STERUJĄCA";"BUDOWLANA";"Całoroczne";"Ciężarowe";"Opona 315/80R22.5 CR926B 154/151M (156/150L) GOODRIDE /KIEROWANA BUDOWLANA/"
"6746";"Firestone";"FS422+";"315";"80";"R22.5";"154M/156L";"L";"STERUJĄCA";"REGIONALNY";"Całoroczne";"Ciężarowe";"Opona 315/80R22.5 FS422+ 154M/156L M+S 3PMSF FIRESTONE /KIEROWANA- REGIONALNY/"
"79495";"Bridgestone";"L355";"315";"80";"R22.5";"156/154";"K";"NAPĘD";"BUDOWLANA";"Całoroczne";"Ciężarowe";"Opona 315/80R22.5 L355 EVO 156/154K M+S 3PMSF BRIDGESTONE /NAPĘDOWA BUDOWLANA/ #"
"1250";"Bridgestone";"M840";"315";"80";"R22.5";"156/150K";"M";"STERUJĄCA";"";"Całoroczne";"Ciężarowe";"Opona 315/80R22.5 M840 156/150K M+S BRIDGESTONE / KIEROWANA/ #"
"568900";"Dunlop";"SP346";"315";"80";"R22.5";"156/154";"M";"STERUJĄCA";"";"Całoroczne";"Ciężarowe";"Opona 315/80R22.5 SP346 TL 156L/154M M+S 3PMSF DUNLOP /KIEROWANA/ #"
"942658";"Michelin";"X MULTIWAY 3D XZE";"315";"80";"R22.5";"156/150";"L";"STERUJĄCA";"REGIONALNY";"Całoroczne";"Ciężarowe";"Opona 315/80R22.5 X MULTIWAY 3D XZE 156/150L M+S 3PMSF MICHELIN /KIEROWANA- REGIONALNY/ #"
"05321210000";"Continental";"Conti Hybrid HT3";"385";"55";"R22.5";"160/158";"L";"NACZEPA";"REGIONALNY";"Całoroczne";"Ciężarowe";"Opona 385/55R22.5 Conti Hybrid HT3 160K/158L M+S CONTINENTAL /WLECZONA 4R- REGIONALNY/ #"
"05310220000";"Continental";"ContiEcoPlus HT3";"385";"65";"R22.5";"160";"K";"NACZEPA";"DALEKI";"Całoroczne";"Ciężarowe";"Opona 385/65R22.5 Conti EcoPlus HT3 20PR 160K(158L) TL CONTINENTAL /WLECZONA 4R- DALEKI/"
"05110740000";"Continental";"HSL2+ EcoPlus";"385";"65";"R22.5";"160";"K";"STERUJĄCA";"DALEKI";"Całoroczne";"Ciężarowe";"Opona 385/65R22.5 HSL2+ ECO PLUS 160K CONTINENTAL /KIEROWANA- DALEKI/ #"
"05120950000";"Continental";"HSR2";"385";"65";"R22.5";"164";"K";"STERUJĄCA";"";"Całoroczne";"Ciężarowe";"Opona 385/65R22.5 HSR2 164K XL CONTINENTAL /KIEROWANA/"
"572723";"Goodyear";"KMAX T HL";"385";"65";"R22.5";"164/158";"L";"NACZEPA";"REGIONALNY";"Całoroczne";"Ciężarowe";"Opona 385/65R22.5 KMAX T HL TL 164K158L M+S GOODYEAR /WLECZONA 4R- REGIONALNY/ #"
"48340";"Bridgestone";"M748";"385";"65";"R22.5";"160K/158L";"L";"NACZEPA";"BUDOWLANA";"Całoroczne";"Ciężarowe";"Opona 385/65R22.5 M748 160K/158L M+S BRIDGESTONE /WLECZONA BUDOWLANA 3R/ #"
"112513";"Michelin";"X MULTI T";"385";"65";"R22.5";"160";"K";"NACZEPA";"REGIONALNY";"Całoroczne";"Ciężarowe";"Opona 385/65R22.5 X MULTI T 160K VM MI M+S 3PMSF MICHELIN /WLECZONA REGIONALNY/ 4R"
"435/50R19.5AT55520PR";"Goodride";"AT555";"435";"50";"R19.5";"160J/156";"K";"NACZEPA";"";"Całoroczne";"Ciężarowe";"Opona 435/50R19.5 AT555 M+S 160J/156K GOODRIDE /WLECZONA/"
"111884";"Michelin";"XTA2+ ENERGY";"445";"45";"R19.5";"160";"J";"NACZEPA";"DALEKI";"Całoroczne";"Ciężarowe";"Opona 445/45R19.5 XTA2+ ENERGY 160J M+S MICHELIN /WLECZONA- DALEKI/ #"
"555771";"Goodyear";"RHD";"8.5R17.5";"";"";"121";"M";"NAPĘD";"REGIONALNY";"Całoroczne";"Ciężarowe";"Opona 8.5R17.5 REGIONAL RHD TL 121M M+S GOODYEAR DOT 2014 /NAPĘDOWA- REGIONALNY/"
"568335";"Goodyear";"RHD II";"9.5R17.5";"";"";"129/127";"M";"NAPĘD";"REGIONALNY";"Całoroczne";"Ciężarowe";"Opona 9.5R17.5 RHD II TL 129/127M M+S 3PMSF GOODYEAR/NAPĘDOWA-REGIONALNY/"
"568096";"Goodyear";"RHD II+";"215";"75";"R17.5";"126/124";"M";"NAPĘD";"REGIONALNY";"Całoroczne";"Ciężarowe";"Opona 215/75R17.5 REGIONAL RHD II+ TL 126/124M M+S 3PMSF GOODYEAR /NAPĘDOWA- REGIONALNY/"
"572090";"Goodyear";"FUELMAX T HL";"385";"65";"R22.5";"164/158";"L";"NACZEPA";"DALEKI";"Całoroczne";"Ciężarowe";"Opona 385/65R22.5 FUELMAX T HL TL 164K158L M+S GOODYEAR /WLECZONA 4R- DALEKI/"
"571630";"Sava";"COMET PLUS";"9.5R17.5";"";"";"129/127";"M";"STERUJĄCA";"";"Całoroczne";"Ciężarowe";"Opona 9.5R17.5 COMET PLUS TL 129/127M M+S 3PMSF SAVA /KIEROWANA/"
"04220560000";"Barum";"BD200R";"215";"75";"R17.5";"126/124";"M";"NAPĘD";"";"Całoroczne";"Ciężarowe";"Opona 215/75R17.5 BD200R 126/124M M+S 3PMSF BARUM /NAPĘDOWA/"
"05320810000";"Barum";"BT200R";"385";"65";"R22.5";"160";"K";"NACZEPA";"";"Całoroczne";"Ciężarowe";"Opona 385/65R22.5 BT200R 160K TL M+S BARUM /WLECZONA 4R/"
"572042";"Sava";"CARGO 4 HL";"385";"65";"R22.5";"164/158";"L";"NACZEPA";"";"Całoroczne";"Ciężarowe";"Opona 385/65R22.5 CARGO 4 HL TL 164K/158L M+S SAVA /WLECZONA 5R/"
"571729";"Dunlop";"SP246";"385";"55";"R22.5";"160/158";"L";"NACZEPA";"";"Całoroczne";"Ciężarowe";"Opona 385/55R22.5 SP246 TL 160K158L M+S DUNLOP /WLECZONA/"
"295/80R22.5FS422";"Firestone";"FS422";"295";"80";"R22.5";"152/148";"M";"STERUJĄCA";"REGIONALNY";"Całoroczne";"Ciężarowe";"Opona 295/80R22.5 FS422+ 152/148M M+S 3PMSF FIRESTONE /KIEROWANA- REGIONALNY/ #"
"481323";"Michelin";"X LINE ENERGY F";"385";"55";"R22.5";"160";"K";"STERUJĄCA";"DALEKI";"Całoroczne";"Ciężarowe";"Opona 385/55R22.5 X LINE ENERGY F AS 160K M+S MICHELIN /KIEROWANA- DALEKI/ #"
"2606700";"Pirelli";"ST01B";"385";"65";"R22.5";"160";"K";"NACZEPA";"";"Całoroczne";"Ciężarowe";"Opona 385/65R22.5 ST01+ (158L) 160K M+S 3PMSF PIRELLI /WLECZONA 4R/"
"385/65R22.5XMULTITREMIX";"Michelin Remix";"X MULTI T";"385";"65";"R22.5";"160";"K";"NACZEPA";"REGIONALNY";"Letnie";"Ciężarowe";"Opona 385/65R22.5 X MULTI T 160K M+S MICHELIN REMIX /WLECZONA - REGIONALNY/ #"
"572912";"Goodyear";"KMAX T";"235";"75";"R17.5";"143/144";"J";"NACZEPA";"REGIONALNY";"Całoroczne";"Ciężarowe";"Opona 235/75R17.5 KMAX T 143J/144F M+S 3PMSF GOODYEAR /WLECZONA- REGIONALNY/ #"
"05111370000";"Barum";"BF200R";"315";"60";"R22.5";"152/148";"L";"STERUJĄCA";"";"Całoroczne";"Ciężarowe";"Opona 315/60R22.5 BF200R 152/148L M+S BARUM /KIEROWANA/ #"
"719814";"Michelin";"X MULTI Z";"315";"70";"R22.5";"156/150";"L";"STERUJĄCA";"";"Całoroczne";"Ciężarowe";"Opona 315/70R22.5 X MULTI Z 156/150 M+S 3PMSF MICHELIN /KIEROWANA/ #"
"385/55R19.5RR905";"DOUBLE COIN";"RR905";"385";"55";"R19.5";"156";"J";"NACZEPA";"";"Całoroczne";"Ciężarowe";"Opona 385/55R19.5 RR905 156J M+S DOUBLE COIN /WLECZONA 4R / #"
"05223600000";"Continental";"Conti Coach HA3";"295";"80";"R22.5";"154/149";"M";"STERUJĄCA";"";"Całoroczne";"Ciężarowe";"Opona 295/80R22.5 Conti Coach HA3 154/149M M+S 3PMSF CONTINENTAL /KIEROWANA/"
"572691";"Goodyear";"RHS II";"245";"70";"R19.5";"136/134";"M";"STERUJĄCA";"REGIONALNY";"Całoroczne";"Ciężarowe";"Opona 245/70R19.5 REGIONAL RHS II 136/134M M+S 3PMSF GOODYEAR /KIEROWANA- REGIONALNY/ [W]"
"572102";"Goodyear";"KMAX S";"295";"80";"R22.5";"154/149";"M";"STERUJĄCA";"REGIONALNY";"Całoroczne";"Ciężarowe";"Opona 295/80R22.5 KMAX S HL 154/149M M+S 3PMSF GOODYEAR /KIEROWANA- REGIONALNY/"
"05221980000";"Barum";"BD 200 R";"315";"80";"R22.5";"156/150";"L";"NAPĘD";"";"Całoroczne";"Ciężarowe";"Opona 315/80R22.5 BD200R 156/150L M+S 3PMSF BARUM /NAPĘDOWA/"
"573121";"Sava";"ORJAK 4";"215";"75";"R17.5";"126/124";"M";"NAPĘD";"";"Całoroczne";"Ciężarowe";"Opona 215/75R17.5 ORJAK 4 TL 126/124M SAVA M+S 3PMSF /NAPĘDOWA/"
"3002379";"Hankook";"AL22";"295";"80";"R22.5";"154/149";"M";"STERUJĄCA";"";"Letnie";"Ciężarowe";"Opona 295/80R22.5 AL22 COACH 154/149M M+S 3PMSF HANKOOK /KIEROWANA/"
"8859305514529";"Goodride";"MD777";"315";"80";"R22.5";"154/151";"L";"NAPĘD";"BUDOWLANA";"Całoroczne";"Ciężarowe";"Opona 315/80R22.5 MD777 M+S 154/151L GOODRIDE /NAPĘDOWA BUDOWLANA/"
"315/60R22.5ENERGYDREMIX";"Michelin Remix";"X LINE ENERGY D";"315";"60";"R22.5";"152/148";"L";"NAPĘD";"DALEKI";"Całoroczne";"Ciężarowe";"Opona 315/60R22.5 X LINE ENERGY D 152/148L M+S 3PMSF MICHELIN REMIX /NAPĘDOWA - DALEKI/"
"211012082";"Benchmark";"LLA08";"315";"80";"R22.5";"156/150";"L";"STERUJĄCA";"BUDOWLANA";"Całoroczne";"Ciężarowe";"Opona 315/80R22.5 LLA08 156/150 M+S 3PMSF BENCHMARK /KIEROWANA BUDOWLANA 3R/"
"2155900";"Pirelli";"FH01 ENERGY";"295";"80";"R22.5";"152/148";"M";"STERUJĄCA";"";"Całoroczne";"Ciężarowe";"Opona 295/80R22.5 FH01 ENERGY 152/148M PIRELLI /KIEROWANA/"
"573568";"Goodyear";"MARATHON LHT+";"455";"40";"R22.5";"160";"J";"NACZEPA";"DALEKI";"Całoroczne";"Ciężarowe";"Opona 455/40R22.5 LHT+ UN TL 160J GOODYEAR /WLECZONA - DALEKI/"
"05250780000";"Continental";"Conti CrossTrac HD3";"315";"80";"R22.5";"156/150";"K";"NAPĘD";"BUDOWLANA";"Całoroczne";"Ciężarowe";"Opona 315/80R22.5 Conti CrossTrac HD3 156/150K M+S 3PMSF CONTINENTAL /NAPĘDOWA BUDOWLANA/ #"
"8859305514208";"Goodride";"GTX1";"245";"70";"R17.5";"143/141";"J";"NACZEPA";"";"Letnie";"Ciężarowe";"Opona 245/70R17.5 GTX1 M+S 143/141J GOODRIDE /WLECZONA/"
"2527900";"Pirelli";"ST:01";"235";"75";"R17.5";"143";"J";"NACZEPA";"";"Całoroczne";"Ciężarowe";"Opona 235/75R17.5 ST:01 TL 143J M+S 3PMSF PIRELLI /WLECZONA / #"
"385/65R22.5AL10+";"Hankook";"AL10+";"385";"65";"R22.5";"160";"K";"STERUJĄCA";"";"Całoroczne";"Ciężarowe";"Opona 385/65R22.5 AL10+ 160K HANKOOK /KIEROWANA/ #"
"3102300";"Pirelli";"FH01+ COACH";"295";"80";"R22.5";"154/149";"M";"STERUJĄCA";"";"Całoroczne";"Ciężarowe";"Opona 295/80R22.5 FH01+ COACH 154/149M PIRELLI /KIEROWANA/"
"05111840000";"Continental";"Conti EcoPlus HS3";"315";"70";"R22.5";"156/150";"L";"STERUJĄCA";"DALEKI";"Całoroczne";"Ciężarowe";"Opona 315/70R22.5 Conti EcoPlus HS3 156/150L (154/150M) M+S 3PMSF CONTINENTAL /KIEROWANA- DALEKI/"
"05124680000";"Barum";"BF 200R";"315";"70";"R22.5";"156/150";"L";"STERUJĄCA";"";"Całoroczne";"Ciężarowe";"Opona 315/70R22.5 BF200R 156/150L M+S 3PMSF BARUM /KIEROWANA/ #"
"05153280000";"Continental";"Conti CrossTrac HS3";"385";"65";"R22.5";"160";"K";"STERUJĄCA";"BUDOWLANA";"Całoroczne";"Ciężarowe";"Opona 385/65R22.5 Conti CrossTrac HS3 160K (158L) M+S 3PMSF CONTINENTAL /KIEROWANA BUDOWLANA/ #"
"818714";"Michelin";"WORKS HD Z";"315";"80";"R22.5";"156/150";"K";"STERUJĄCA";"";"Letnie";"Ciężarowe";"Opona 315/80R22.5 X WORKS HD Z 156/150K M+S MICHELIN /KIEROWANA- BUDOWLANY/ #"
"425/65R22.593120PR";"Goodride";"CR931";"425";"65";"R22.5";"165";"K";"NACZEPA";"";"Całoroczne";"Ciężarowe";"Opona 425/65R22.5 CR931 M+S 165K GOODRIDE /WLECZONA/ 6R"
"445/65R22.5AT55720PR";"Goodride";"AT557";"445";"65";"R22.5";"169";"K";"NACZEPA";"BUDOWLANA";"Całoroczne";"Ciężarowe";"Opona 445/65R22.5 AT557 169K M+S 3PMSF GOODRIDE /WLECZONA , KIEROWANA BUDOWLANA/"
"04121050000";"Continental";"Conti Hybrid LS3";"245";"70";"R17.5";"136/134";"M";"STERUJĄCA";"REGIONALNY";"Całoroczne";"Ciężarowe";"Opona 245/70R17.5 Conti Hybrid LS3 136/134M M+S 3PMSF CONTINENTAL /KIEROWANA- REGIONALNY/"
"315/70R22.5XMULTIDREMIX";"Michelin Remix";"X MULTI D";"315";"70";"R22.5";"154/150";"L";"NAPĘD";"REGIONALNY";"Całoroczne";"Ciężarowe";"Opona 315/70R22.5 X MULTI D 154/150L M+S 3PMSF MICHELIN REMIX /NAPĘDOWA - REGIONALNY/ #"
"331025";"Falken";"BI 851";"315";"80";"R22.5";"156/150";"L";"NAPĘD";"REGIONALNY";"Całoroczne";"Ciężarowe";"Opona 315/80R22.5 BI 851 156/150L (154/150M) M+S 3PMSF FALKEN /NAPĘDOWA- REGIONALNY/ #"
"335296";"Falken";"RI 151";"385";"55";"R22.5";"160";"K";"NACZEPA";"";"Całoroczne";"Ciężarowe";"Opona 385/55R22.5 RI 151 160K M+S 3PMSF FALKEN /KIEROWANA, WLECZONA 4R/"
"572798";"Goodyear";"KMAX S G2 HL";"315";"70";"R22.5";"156/150";"L";"STERUJĄCA";"REGIONALNY";"Całoroczne";"Ciężarowe";"Opona 315/70R22.5 KMAX S GEN -2 HL 156/150L M+S 3PMSF GOODYEAR/KIEROWANA-REGIONALNY/ #"
"315/60R22.5CR96618PRTRANZANO";"Tranzano";"CR966";"315";"60";"R22.5";"152/148";"M";"STERUJĄCA";"";"Całoroczne";"Ciężarowe";"Opona 315/60R22.5 CR966 TL 18PR 152/148M TRANZANO /KIEROWANA/"
"235/75R17.5GDR+1";"Goodride";"GDR+1";"235";"75";"R17.5";"132/130";"M";"NAPĘD";"";"Całoroczne";"Ciężarowe";"Opona 235/75R17.5 GDR+1 M+S 3PMSF 132/130M GOODRIDE /NAPĘDOWA/"
"3003259";"Hankook";"TL20";"385";"65";"R22.5";"160";"K";"NACZEPA";"";"Całoroczne";"Ciężarowe";"Opona 385/65R22.5 TL20 160K HANKOOK /WLECZONA 4R /"
"577415";"Sava";"AVANT 4";"215";"75";"R17.5";"126/124";"M";"STERUJĄCA";"";"Całoroczne";"Ciężarowe";"Opona 215/75R17.5 AVANT 4 126/124M M+S 3PMSF SAVA /KIEROWANA/"
"572812";"Goodyear";"KMAX D GEN-2";"315";"70";"R22.5";"154/152";"L";"NAPĘD";"REGIONALNY";"Całoroczne";"Ciężarowe";"Opona 315/70R22.5 KMAX D GEN-2 154L152M M+S 3PMSF GOODYEAR/NAPĘDOWA-REGIONALNY/ #"
"569565";"Goodyear";"OMNITRAC D";"315";"80";"R22.5";"156/150";"K";"NAPĘD";"BUDOWLANA";"Całoroczne";"Ciężarowe";"Opona 315/80R22.5 OMNITRAC D M+S 3PSF 156/150K GOODYEAR /NAPĘDOWA BUDOWLANA/ #"
"2156300";"Pirelli";"TH:01";"295";"60";"R22.5";"150";"L";"NAPĘD";"";"Całoroczne";"Ciężarowe";"Opona 295/60R22.5 TH:01 TL 150L M+S 3PMSF PIRELLI /NAPĘDOWA/ #"
"2077900";"Pirelli";"TH01 ENERGY";"315";"70";"R22.5";"154/150";"L";"NAPĘD";"";"Całoroczne";"Ciężarowe";"Opona 315/70R22.5 TH01 ENERGY 154/150L M+S 3PMSF PIRELLI /NAPĘDOWA/ #"
"3002384";"Hankook";"AH31 3PMSF";"315";"70";"R22.5";"156/150";"L";"STERUJĄCA";"REGIONALNY";"Całoroczne";"Ciężarowe";"Opona 315/70R22.5 AH31 156/150L M+S 3PMSF HANKOOK /KIEROWANA - REGIONALNY/ #"
"3002653";"Hankook";"AL20";"385";"55";"R22.5";"160";"K";"STERUJĄCA";"DALEKI";"Całoroczne";"Ciężarowe";"Opona 385/55R22.5 AL20 160K M+S 3PMSF HANKOOK /KIEROWANA- DALEKI/ #"
"295/80R22.5MNS1";"Goodride";"MULTINAVI S1";"295";"80";"R22.5";"154/149";"M";"STERUJĄCA";"";"Całoroczne";"Ciężarowe";"Opona 295/80R22.5 MULTINAVI S1 M+S 3PMSF 154/149M GOODRIDE /KIEROWANA/"
"385/65R22.5MAPT1";"Goodride";"MULTI AP T1";"385";"65";"R22.5";"160";"K";"NACZEPA";"";"Całoroczne";"Ciężarowe";"Opona 385/65R22.5 MULTI AP T1 M+S 3PMSF 160K GOODRIDE /WLECZONA/ 4R/"
"295/80R22.5MDD1";"Goodride";"MULTIDRIVE D1";"295";"80";"R22.5";"152/149";"M";"NAPĘD";"";"Całoroczne";"Ciężarowe";"Opona 295/80R22.5 MULTIDRIVE D1 M+S 3PMSF 152/149M GOODRIDE /NAPĘDOWA/"
"3610500";"ANTEO";"PRO-T";"385";"65";"R22.5";"160";"K";"NACZEPA";"REGIONALNY";"Letnie";"Ciężarowe";"Opona 385/65R22.5 PRO-T M+S 3PMSF 160K ANTEO /WLECZONA REGIONALNY/ 4R / #"
"04221640000";"Continental";"Conti Hybrid LD3";"235";"75";"R17.5";"132/130";"M";"NAPĘD";"REGIONALNY";"Całoroczne";"Ciężarowe";"Opona 235/75R17.5 Conti Hybrid LD3 M+S 132/130M M+S 3PMSF LRF CONTINENTAL /NAPĘDOWA- REGIONALNY #"
"195307";"Michelin";"X MULTI Z";"315";"60";"R22.5";"154/148";"L";"STERUJĄCA";"";"Całoroczne";"Ciężarowe";"Opona 315/60R22.5 X MULTI Z 154/148L M+S 3PMSF MICHELIN / KIEROWANA / #"
"215/75R17.5CR960A14PR128/126";"Goodride";"CR960";"215";"75";"R17.5";"128/126";"M";"STERUJĄCA";"";"Całoroczne";"Ciężarowe";"Opona 215/75R17.5 CR960A M+S 128/126M GOODRIDE /KIEROWANA/"
"572721";"Goodyear";"KMAX D GEN-2 M+S 3PMSF";"315";"80";"R22.5";"156/154";"L";"NAPĘD";"REGIONALNY";"Letnie";"Ciężarowe";"Opona 315/80R22.5 KMAX D GEN-2 TL 156L154M M+S 3PMSF GOODYEAR /NAPĘDOWA- REGIONALNY/ #"
"572254";"Goodyear";"KMAX T GEN-2";"385";"65";"R22.5";"164";"K";"NACZEPA";"REGIONALNY";"Letnie";"Ciężarowe";"Opona 385/65R22.5 KMAX T GEN-2 164K158L M+S 3PMSF GOODYEAR /WLECZONA 4R- REGIONALNY/ #"
"13996";"Firestone";"FD622+ M+S 3PMSF";"315";"70";"R22.5";"154/150";"L";"NAPĘD";"";"Letnie";"Ciężarowe";"Opona 315/70R22.5 FD622+ 154/150L M+S 3PMSF FIRESTONE /NAPĘDOWA/ #"
"385/55R22.5AZ170BI";"BISON";"AZ170";"385";"55";"R22.5";"160";"K";"NACZEPA";"";"Całoroczne";"Ciężarowe";"Opona 385/55R22.5 AZ170 160K M+S 3PMSF BISON/WLECZONA 4R/"
"315/80R22.5MD101BI";"BISON";"MD101";"315";"80";"R22.5";"157/154";"K";"NAPĘD";"BUDOWLANA";"Całoroczne";"Ciężarowe";"Opona 315/80R22.5 MD101 157/154K M+S BISON /NAPĘDOWA BUDOWLANA/"
"385/55R22.5ENERGYTREMIX";"Michelin Remix";"X LINE ENERGY T";"385";"55";"R22.5";"160";"K";"NACZEPA";"DALEKI";"Całoroczne";"Ciężarowe";"Opona 385/55R22.5 X LINE ENERGY T 160K MICHELIN REMIX /WLECZONA- DALEKI/"
"569513";"Goodyear";"OMNITRAC S";"315";"80";"R22.5";"156/150";"K";"STERUJĄCA";"BUDOWLANA";"Całoroczne";"Ciężarowe";"Opona 315/80R22.5 OMNITRAC S M+S 3PSF 156/150K GOODYEAR /STERUJĄCA BUDOWLANA/ #"
"572202";"Dunlop";"SP247";"385";"65";"R22.5";"164/158";"K";"NACZEPA";"";"Całoroczne";"Ciężarowe";"Opona 385/65R22.5 SP247 164K158L M+S 3PSF DUNLOP / WLECZONA 4R / #"
"3803000";"Pirelli";"FH:01";"315";"60";"R22.5";"154";"L";"STERUJĄCA";"";"Całoroczne";"Ciężarowe";"Opona 315/60R22.5 FH:01 TL 154L (154L) M+S 3PMSF PIRELLI /KIEROWANA/ #"
"2801300";"Pirelli";"ST:01T";"385";"65";"R22.5";"160";"K";"NACZEPA";"";"Całoroczne";"Ciężarowe";"Opona 385/65R22.5 ST:01 TRIATHLON 160K (158L) M+S 3PMSF PIRELLI / WLECZONA 4R /"
"3660500";"Pirelli";"FH:01Y";"315";"70";"R22.5";"156/150";"L";"STERUJĄCA";"";"Całoroczne";"Ciężarowe";"Opona 315/70R22.5 FH:01Y M+S 3PMSF 156/150L PIRELLI /KIEROWANA/ #"
"05125620000";"Continental";"Conti Hybrid HS3+";"385";"65";"R22.5";"160";"K";"STERUJĄCA";"REGIONALNY";"Całoroczne";"Ciężarowe";"Opona 385/65R22.5 Conti Hybrid HS3+ 160K M+S 3PMSF CONTINENTAL /KIEROWANA- REGIONALNY/ #"
"570307";"Sava";"CARGO 5";"435";"50";"R19.5";"160";"J";"NACZEPA";"";"Całoroczne";"Ciężarowe";"Opona 435/50R19.5 CARGO 5 160J M+S 3PSF SAVA /WLECZONA / 5R #"
"315/60R22.5XMULTIDREMIX";"Michelin Remix";"MULTI D";"315";"60";"R22.5";"152/148";"L";"NAPĘD";"REGIONALNY";"Całoroczne";"Ciężarowe";"Opona 315/60R22.5 X MULTI D M+S 3PMSF 152/148L REMIX /NAPĘDOWA - REGIONALNY/"
"572260";"Sava";"CARGO 5 HL";"385";"65";"R22.5";"164/158";"L";"NACZEPA";"";"Całoroczne";"Ciężarowe";"Opona 385/65R22.5 CARGO 5 HL 164K158L 3PSF SAVA /WLECZONA / 4R"
"17982";"Bridgestone";"R179 V STEEL RIB";"385";"65";"R22.5";"160";"K";"NACZEPA";"";"Letnie";"Ciężarowe";"Opona 385/65R22.5 R179 V STEEL RIB 160K M+S 3PMSF BRIDGESTONE /WLECZONA / 4R"
"265/70R19.5WTX1WE";"West Lake";"WTX1";"265";"70";"R19.5";"143";"J";"NACZEPA";"";"Całoroczne";"Ciężarowe";"Opona 265/70R19.5 WTX1 143J WEST LAKE /WLECZONA/"
"12853";"Bridgestone";"R166II";"435";"50";"R19.5";"160";"J";"NACZEPA";"";"Całoroczne";"Ciężarowe";"Opona 435/50R19.5 R166 II 160J M+S BRIDGESTONE /WLECZONA/ #"
"572840";"Goodyear";"KMAX S GEN-2 M+S 3PMSF";"315";"80";"R22.5";"156";"L";"STERUJĄCA";"REGIONALNY";"Letnie";"Ciężarowe";"Opona 315/80R22.5 KMAX S GEN-2 TL 156L154M M+S 3PMSF GOODYEAR /KIEROWANA- REGIONALNY/ #"
"335295";"Falken";"RI151";"385";"65";"R22.5";"160";"K";"NACZEPA";"";"Całoroczne";"Ciężarowe";"Opona 385/65R22.5 RI151 160K M+S 3PMSF FALKEN /KIEROWANA, WLECZONA 4R/"
"3002061";"Hankook";"DH31 3PMSF";"315";"80";"R22.5";"156/150";"L";"NAPĘD";"REGIONALNY";"Całoroczne";"Ciężarowe";"Opona 315/80R22.5 DH31 156/150L M+S 3PMSF HANKOOK /NAPĘDOWA - REGIONALNY/#"
"3003492";"Hankook";"AL20W 3PMSF";"355";"50";"R22.5";"156";"L";"STERUJĄCA";"DALEKI";"Całoroczne";"Ciężarowe";"Opona 355/50R22.5 AL20W 156L M+S 3PMSF HANKOOK /KIEROWANA - DALEKI/ #"
"3002675";"Hankook";"AH31";"385";"65";"R22.5";"160";"K";"STERUJĄCA";"REGIONALNY";"Całoroczne";"Ciężarowe";"Opona 385/65R22.5 AH31 160K M+S, 3PMSF HANKOOK / KIEROWANA REGIONALNY / #"
"3002768";"Hankook";"TH31";"385";"65";"R22.5";"160";"K";"NACZEPA";"";"Całoroczne";"Ciężarowe";"Opona 385/65R22.5 TH31 160K M+S, 3PMSF HANKOOK /WLECZONA/ 4R #"
"3003306";"Hankook";"AL20W";"295";"60";"R22.5";"150/147L";"L";"STERUJĄCA";"DALEKI";"Całoroczne";"Ciężarowe";"Opona 295/60R22.5 AL20W 150/147L M+S 3PMSF HANKOOK /KIEROWANA- DALEKI/ #"
"572796";"Goodyear";"KMAX S GEN-2 HL";"315";"60";"R22.5";"152/148";"L";"STERUJĄCA";"REGIONALNY";"Całoroczne";"Ciężarowe";"Opona 315/60R22.5 KMAX S GEN-2 HL 3PSF 154/148L GOODYEAR /KIEROWANA -REGIONALNY/ #"
"335667";"Falken";"BI856";"315";"70";"R22.5";"154/150";"L";"NAPĘD";"";"Całoroczne";"Ciężarowe";"Opona 315/70R22.5 BI856 M+S 3PMSF 154/150L FALKEN / NAPEDOWA /"
"05125630000";"Continental";" Conti Hybrid HS3+";"385";"55";"R22.5";"160";"K";"STERUJĄCA";"REGIONALNY";"Całoroczne";"Ciężarowe";"Opona 385/55R22.5 Conti Hybrid HS3+ LRL 160K M+S 3PMSF CONTINENTAL /KIEROWANA- REGIONALNY/"
"10852";"Bridgestone";"R-TRAILER 002";"385";"65";"R22.5";"160";"K";"NACZEPA";"";"Całoroczne";"Ciężarowe";"Opona 385/65R22.5 DURAVIS R-TRAILER 002 M+S 3PMSF 160K BRIDGESTONE/WLECZONA/ #"
"13997";"Firestone";"FD622+";"315";"80";"R22.5";"156/154";"M";"NAPĘD";"REGIONALNY";"Całoroczne";"Ciężarowe";"Opona 315/80R22.5 FD622+ 156/154M M+S 3PMSF FIRESTONE /NAPĘDOWA/ - REGIONALNY/ #"
"19791";"Bridgestone";"DURAVIS R-DRIVE 002";"315";"70";"R22.5";"150/154";"L";"NAPĘD";"";"Całoroczne";"Ciężarowe";"Opona 315/70R22.5 R-DRIVE 002 DURAVIS M+S 3PMSF 150/154L BRIDGESTONE /NAPĘD / #"
"570970";"Fulda";"ECOFORCE 2 +";"295";"60";"R22.5";"150/149";"L";"NAPĘD";"";"Całoroczne";"Ciężarowe";"Opona 295/60R22.5 ECOFORCE 2 + 150K149L M+S 3PSF FULDA / NAPĘD / #"
"13498";"Bridgestone";"ECOPIA H-STEER 002";"385";"55";"R22.5";"160";"K";"STERUJĄCA";"DALEKI";"Całoroczne";"Ciężarowe";"Opona 385/55R22.5 ECOPIA H-STEER 002 160K (158L) M+S 3PMSF BRIDGESTONE /KIEROWANA DALEKI/ #"
